{
    "$schema": "http://json-schema.org/schema",
    "id": "HelloSchematics",
    "tittle": "Hello Option Schema",
    "type": "object",
    "description": "Say hello to someone",
    "properties": {
      "name": {
        "type": "string",
        "description": "the name of the person",
        "$default": {
           "$source": "argv",
           "index":0
        },
        "x-prompt":"A quien desea saludar?"
      },
      "project": {
        "type": "string",
        "description": "Generar en la ruta del proyecto"        
      } ,
      "transform": {
        "type": "boolean",
        "default": false,
        "description": "Transforma la respuesta de las llamadas a apis" ,
        "x-prompt":"Transformar?"
      }       
    },
    "required": ["name"]
  }
  